,PLAYER_ID,SHOT_ZONE_RANGE,SHOT_PERCENTAGE,SHOT_COUNT_MADE,SHOT_RANGE_BIN
0,708,16-24 ft.,0.5294117647058824,27,16
1,708,24+ ft.,0.0,0,24
2,708,8-16 ft.,0.3076923076923077,4,8
3,708,Less Than 8 ft.,0.6086956521739131,14,0
4,977,16-24 ft.,0.36065573770491804,44,16
5,977,24+ ft.,0.24519230769230768,51,24
6,977,8-16 ft.,0.4105263157894737,39,8
7,977,Back Court Shot,0.0,0,50
8,977,Less Than 8 ft.,0.5384615384615384,42,0
9,1495,16-24 ft.,0.24324324324324326,9,16
10,1495,8-16 ft.,0.43243243243243246,16,8
11,1495,Back Court Shot,0.0,0,50
12,1495,Less Than 8 ft.,0.609375,78,0
13,1713,16-24 ft.,0.2,2,16
14,1713,24+ ft.,0.20454545454545456,9,24
15,1713,8-16 ft.,0.5,2,8
16,1713,Less Than 8 ft.,0.47058823529411764,8,0
17,1717,16-24 ft.,0.4435483870967742,55,16
18,1717,24+ ft.,0.4090909090909091,54,24
19,1717,8-16 ft.,0.45161290322580644,56,8
20,1717,Less Than 8 ft.,0.5957446808510638,28,0
21,1718,16-24 ft.,0.5,8,16
22,1718,24+ ft.,0.3235294117647059,33,24
23,1718,8-16 ft.,0.4583333333333333,11,8
24,1718,Less Than 8 ft.,0.3333333333333333,5,0
25,1889,16-24 ft.,0.6666666666666666,2,16
26,1889,24+ ft.,1.0,1,24
27,1889,8-16 ft.,0.375,3,8
28,1889,Back Court Shot,0.0,0,50
29,1889,Less Than 8 ft.,0.6666666666666666,22,0
30,1891,16-24 ft.,0.4444444444444444,4,16
31,1891,24+ ft.,0.3644859813084112,39,24
32,1891,8-16 ft.,0.5,7,8
33,1891,Less Than 8 ft.,0.85,17,0
34,1897,16-24 ft.,0.45454545454545453,5,16
35,1897,24+ ft.,0.4117647058823529,14,24
36,1897,8-16 ft.,0.16666666666666666,1,8
37,1897,Less Than 8 ft.,0.28,7,0
38,1938,16-24 ft.,0.5555555555555556,10,16
39,1938,24+ ft.,0.4157303370786517,37,24
40,1938,8-16 ft.,0.4583333333333333,11,8
41,1938,Back Court Shot,0.0,0,50
42,1938,Less Than 8 ft.,0.5222222222222223,47,0
43,2034,24+ ft.,0.3870967741935484,12,24
44,2034,Less Than 8 ft.,0.5,1,0
45,2037,16-24 ft.,0.3707865168539326,33,16
46,2037,24+ ft.,0.3135593220338983,37,24
47,2037,8-16 ft.,0.39705882352941174,27,8
48,2037,Back Court Shot,0.3333333333333333,1,50
49,2037,Less Than 8 ft.,0.5147058823529411,35,0
50,2199,16-24 ft.,0.2,2,16
51,2199,8-16 ft.,0.0,0,8
52,2199,Less Than 8 ft.,0.5257731958762887,51,0
53,2200,16-24 ft.,0.4,48,16
54,2200,24+ ft.,0.4,6,24
55,2200,8-16 ft.,0.33766233766233766,26,8
56,2200,Less Than 8 ft.,0.4861111111111111,70,0
57,2207,16-24 ft.,0.3050847457627119,18,16
58,2207,24+ ft.,0.30973451327433627,35,24
59,2207,8-16 ft.,0.43037974683544306,34,8
60,2207,Back Court Shot,0.0,0,50
61,2207,Less Than 8 ft.,0.43478260869565216,30,0
62,2210,16-24 ft.,0.3125,5,16
63,2210,24+ ft.,0.38823529411764707,33,24
64,2210,8-16 ft.,0.3,3,8
65,2210,Less Than 8 ft.,0.6470588235294118,33,0
66,2216,16-24 ft.,0.45098039215686275,46,16
67,2216,24+ ft.,0.25,1,24
68,2216,8-16 ft.,0.5,27,8
69,2216,Less Than 8 ft.,0.5,116,0
70,2225,16-24 ft.,0.5333333333333333,48,16
71,2225,24+ ft.,0.4482758620689655,13,24
72,2225,8-16 ft.,0.417910447761194,28,8
73,2225,Less Than 8 ft.,0.6089743589743589,95,0
74,2365,24+ ft.,0.4,2,24
75,2365,Less Than 8 ft.,0.5,1,0
76,2400,16-24 ft.,0.4444444444444444,4,16
77,2400,24+ ft.,0.2,3,24
78,2400,8-16 ft.,0.14285714285714285,1,8
79,2400,Less Than 8 ft.,0.3,3,0
80,2403,16-24 ft.,0.3181818181818182,7,16
81,2403,24+ ft.,0.0,0,24
82,2403,8-16 ft.,0.45454545454545453,5,8
83,2403,Less Than 8 ft.,0.7407407407407407,40,0
84,2405,16-24 ft.,0.4,2,16
85,2405,8-16 ft.,1.0,4,8
86,2405,Less Than 8 ft.,0.5652173913043478,13,0
87,2406,16-24 ft.,0.5,5,16
88,2406,24+ ft.,0.125,1,24
89,2406,8-16 ft.,0.6666666666666666,4,8
90,2406,Less Than 8 ft.,0.5,1,0
91,2419,16-24 ft.,0.4918032786885246,30,16
92,2419,24+ ft.,0.125,1,24
93,2419,8-16 ft.,0.4090909090909091,9,8
94,2419,Less Than 8 ft.,0.6538461538461539,17,0
95,2440,16-24 ft.,0.21428571428571427,3,16
96,2440,24+ ft.,0.3115942028985507,43,24
97,2440,8-16 ft.,0.7142857142857143,5,8
98,2440,Back Court Shot,0.3333333333333333,1,50
99,2440,Less Than 8 ft.,0.5377358490566038,57,0
100,2449,16-24 ft.,0.3968253968253968,25,16
101,2449,24+ ft.,0.42857142857142855,24,24
102,2449,8-16 ft.,0.4,18,8
103,2449,Less Than 8 ft.,0.54421768707483,80,0
104,2544,16-24 ft.,0.3563218390804598,31,16
105,2544,24+ ft.,0.30952380952380953,39,24
106,2544,8-16 ft.,0.3194444444444444,23,8
107,2544,Less Than 8 ft.,0.6306306306306306,210,0
108,2546,16-24 ft.,0.4383561643835616,64,16
109,2546,24+ ft.,0.31333333333333335,47,24
110,2546,8-16 ft.,0.4304635761589404,65,8
111,2546,Less Than 8 ft.,0.5204081632653061,102,0
112,2547,16-24 ft.,0.40458015267175573,53,16
113,2547,24+ ft.,0.36551724137931035,53,24
114,2547,8-16 ft.,0.5074626865671642,34,8
115,2547,Less Than 8 ft.,0.6344827586206897,92,0
116,2548,16-24 ft.,0.4112903225806452,51,16
117,2548,24+ ft.,0.18181818181818182,4,24
118,2548,8-16 ft.,0.3381294964028777,47,8
119,2548,Back Court Shot,1.0,1,50
120,2548,Less Than 8 ft.,0.5776699029126213,119,0
121,2549,16-24 ft.,0.38461538461538464,5,16
122,2549,8-16 ft.,0.6666666666666666,2,8
123,2549,Less Than 8 ft.,0.2857142857142857,2,0
124,2550,16-24 ft.,0.5384615384615384,7,16
125,2550,24+ ft.,0.5333333333333333,16,24
126,2550,8-16 ft.,0.14285714285714285,1,8
127,2550,Back Court Shot,0.0,0,50
128,2550,Less Than 8 ft.,0.43478260869565216,10,0
129,2555,16-24 ft.,0.2857142857142857,2,16
130,2555,24+ ft.,0.0,0,24
131,2555,8-16 ft.,0.6666666666666666,4,8
132,2555,Less Than 8 ft.,0.43478260869565216,20,0
133,2561,16-24 ft.,0.5245901639344263,32,16
134,2561,24+ ft.,1.0,1,24
135,2561,8-16 ft.,0.4117647058823529,14,8
136,2561,Less Than 8 ft.,0.6027397260273972,44,0
137,2564,16-24 ft.,0.3333333333333333,4,16
138,2564,24+ ft.,0.39285714285714285,11,24
139,2564,8-16 ft.,0.3333333333333333,8,8
140,2564,Back Court Shot,0.0,0,50
141,2564,Less Than 8 ft.,0.6293103448275862,73,0
142,2570,16-24 ft.,0.5,1,16
143,2570,8-16 ft.,1.0,3,8
144,2570,Less Than 8 ft.,0.8181818181818182,9,0
145,2571,16-24 ft.,0.5454545454545454,12,16
146,2571,24+ ft.,0.37777777777777777,17,24
147,2571,8-16 ft.,0.2,4,8
148,2571,Less Than 8 ft.,0.5942028985507246,41,0
149,2581,16-24 ft.,0.47058823529411764,8,16
150,2581,24+ ft.,0.35294117647058826,24,24
151,2581,8-16 ft.,0.2,1,8
152,2581,Back Court Shot,0.0,0,50
153,2581,Less Than 8 ft.,0.5625,9,0
154,2585,16-24 ft.,0.19230769230769232,5,16
155,2585,8-16 ft.,0.38095238095238093,16,8
156,2585,Back Court Shot,0.0,0,50
157,2585,Less Than 8 ft.,0.5503355704697986,82,0
158,2588,16-24 ft.,0.3333333333333333,1,16
159,2588,24+ ft.,0.5,6,24
160,2588,8-16 ft.,1.0,2,8
161,2588,Less Than 8 ft.,0.6,3,0
162,2590,16-24 ft.,0.5652173913043478,39,16
163,2590,24+ ft.,0.34210526315789475,26,24
164,2590,8-16 ft.,0.42857142857142855,18,8
165,2590,Back Court Shot,1.0,1,50
166,2590,Less Than 8 ft.,0.47058823529411764,16,0
167,2592,16-24 ft.,0.42857142857142855,3,16
168,2592,24+ ft.,0.36764705882352944,25,24
169,2592,8-16 ft.,0.4,4,8
170,2592,Less Than 8 ft.,0.5,2,0
171,2594,16-24 ft.,0.45901639344262296,28,16
172,2594,24+ ft.,0.35119047619047616,59,24
173,2594,8-16 ft.,0.5714285714285714,12,8
174,2594,Less Than 8 ft.,0.6,12,0
175,2617,16-24 ft.,0.3333333333333333,3,16
176,2617,24+ ft.,0.2,1,24
177,2617,8-16 ft.,0.42857142857142855,3,8
178,2617,Less Than 8 ft.,0.5,4,0
179,2730,24+ ft.,0.0,0,24
180,2730,8-16 ft.,0.5714285714285714,4,8
181,2730,Less Than 8 ft.,0.6244725738396625,148,0
182,2733,16-24 ft.,0.3888888888888889,7,16
183,2733,24+ ft.,0.1111111111111111,1,24
184,2733,8-16 ft.,0.5208333333333334,50,8
185,2733,Back Court Shot,0.0,0,50
186,2733,Less Than 8 ft.,0.676923076923077,44,0
187,2734,16-24 ft.,0.47058823529411764,8,16
188,2734,24+ ft.,0.35714285714285715,20,24
189,2734,8-16 ft.,0.5555555555555556,5,8
190,2734,Back Court Shot,0.0,0,50
191,2734,Less Than 8 ft.,0.5774647887323944,41,0
192,2736,16-24 ft.,0.37142857142857144,13,16
193,2736,24+ ft.,0.32323232323232326,32,24
194,2736,8-16 ft.,0.15,3,8
195,2736,Back Court Shot,0.0,0,50
196,2736,Less Than 8 ft.,0.611764705882353,52,0
197,2738,16-24 ft.,0.40625,13,16
198,2738,24+ ft.,0.4,38,24
199,2738,8-16 ft.,0.3684210526315789,7,8
200,2738,Back Court Shot,0.0,0,50
201,2738,Less Than 8 ft.,0.6708860759493671,53,0
202,2743,16-24 ft.,0.48148148148148145,13,16
203,2743,24+ ft.,0.3275862068965517,19,24
204,2743,8-16 ft.,0.2857142857142857,4,8
205,2743,Less Than 8 ft.,0.48936170212765956,23,0
206,2744,16-24 ft.,0.5384615384615384,14,16
207,2744,8-16 ft.,0.32727272727272727,18,8
208,2744,Less Than 8 ft.,0.55,33,0
209,2746,16-24 ft.,0.25,3,16
210,2746,24+ ft.,0.2765957446808511,13,24
211,2746,8-16 ft.,0.25,2,8
212,2746,Back Court Shot,0.0,0,50
213,2746,Less Than 8 ft.,0.4,28,0
214,2747,16-24 ft.,0.37209302325581395,16,16
215,2747,24+ ft.,0.39037433155080214,73,24
216,2747,8-16 ft.,0.4772727272727273,21,8
217,2747,Less Than 8 ft.,0.5,25,0
218,2749,16-24 ft.,0.40816326530612246,20,16
219,2749,24+ ft.,0.2897196261682243,31,24
220,2749,8-16 ft.,0.35294117647058826,6,8
221,2749,Less Than 8 ft.,0.4716981132075472,25,0
222,2754,16-24 ft.,0.24,6,16
223,2754,24+ ft.,0.4375,7,24
224,2754,8-16 ft.,0.46153846153846156,6,8
225,2754,Less Than 8 ft.,0.45528455284552843,56,0
226,2755,16-24 ft.,0.3333333333333333,20,16
227,2755,24+ ft.,0.3582089552238806,24,24
228,2755,8-16 ft.,0.3148148148148148,17,8
229,2755,Less Than 8 ft.,0.48,24,0
230,2756,16-24 ft.,0.30434782608695654,7,16
231,2756,24+ ft.,0.225,9,24
232,2756,8-16 ft.,0.18181818181818182,2,8
233,2756,Less Than 8 ft.,0.5384615384615384,7,0
234,2760,16-24 ft.,0.3333333333333333,5,16
235,2760,24+ ft.,0.0,0,24
236,2760,8-16 ft.,0.5714285714285714,8,8
237,2760,Less Than 8 ft.,0.4090909090909091,9,0
238,2772,16-24 ft.,0.39285714285714285,11,16
239,2772,24+ ft.,0.35909090909090907,79,24
240,2772,8-16 ft.,0.2631578947368421,5,8
241,2772,Back Court Shot,0.0,0,50
242,2772,Less Than 8 ft.,0.48623853211009177,53,0
243,101106,16-24 ft.,0.3333333333333333,1,16
244,101106,8-16 ft.,0.23076923076923078,3,8
245,101106,Less Than 8 ft.,0.6666666666666666,80,0
246,101107,16-24 ft.,0.21428571428571427,6,16
247,101107,24+ ft.,0.4028776978417266,56,24
248,101107,8-16 ft.,0.5714285714285714,12,8
249,101107,Back Court Shot,0.0,0,50
250,101107,Less Than 8 ft.,0.44155844155844154,34,0
251,101108,16-24 ft.,0.4260869565217391,49,16
252,101108,24+ ft.,0.36036036036036034,40,24
253,101108,8-16 ft.,0.4636363636363636,51,8
254,101108,Less Than 8 ft.,0.5595238095238095,47,0
255,101109,16-24 ft.,0.375,21,16
256,101109,24+ ft.,0.3595505617977528,32,24
257,101109,8-16 ft.,0.4642857142857143,13,8
258,101109,Back Court Shot,0.0,0,50
259,101109,Less Than 8 ft.,0.5357142857142857,45,0
260,101111,16-24 ft.,0.42857142857142855,3,16
261,101111,24+ ft.,0.21686746987951808,18,24
262,101111,8-16 ft.,0.4,8,8
263,101111,Less Than 8 ft.,0.5740740740740741,31,0
264,101112,16-24 ft.,0.5384615384615384,7,16
265,101112,24+ ft.,0.4146341463414634,34,24
266,101112,8-16 ft.,0.3333333333333333,1,8
267,101112,Less Than 8 ft.,0.6875,11,0
268,101114,16-24 ft.,0.3793103448275862,22,16
269,101114,24+ ft.,0.34210526315789475,39,24
270,101114,8-16 ft.,0.5,24,8
271,101114,Less Than 8 ft.,0.5636363636363636,62,0
272,101123,16-24 ft.,0.3877551020408163,19,16
273,101123,24+ ft.,0.3357664233576642,46,24
274,101123,8-16 ft.,0.45454545454545453,20,8
275,101123,Less Than 8 ft.,0.5833333333333334,35,0
276,101127,16-24 ft.,0.4166666666666667,30,16
277,101127,24+ ft.,0.3125,20,24
278,101127,8-16 ft.,0.2894736842105263,11,8
279,101127,Less Than 8 ft.,0.46296296296296297,25,0
280,101133,16-24 ft.,0.25,4,16
281,101133,8-16 ft.,0.25,3,8
282,101133,Less Than 8 ft.,0.6642335766423357,91,0
283,101135,16-24 ft.,0.2727272727272727,3,16
284,101135,24+ ft.,0.0,0,24
285,101135,8-16 ft.,0.3076923076923077,4,8
286,101135,Less Than 8 ft.,0.49122807017543857,56,0
287,101138,16-24 ft.,0.3333333333333333,6,16
288,101138,8-16 ft.,0.4074074074074074,11,8
289,101138,Less Than 8 ft.,0.675,54,0
290,101139,16-24 ft.,0.375,12,16
291,101139,24+ ft.,0.33980582524271846,70,24
292,101139,8-16 ft.,0.3333333333333333,6,8
293,101139,Back Court Shot,0.0,0,50
294,101139,Less Than 8 ft.,0.49382716049382713,40,0
295,101141,16-24 ft.,0.375,18,16
296,101141,24+ ft.,0.3698630136986301,54,24
297,101141,8-16 ft.,0.5263157894736842,10,8
298,101141,Less Than 8 ft.,0.48854961832061067,64,0
299,101145,16-24 ft.,0.42276422764227645,52,16
300,101145,24+ ft.,0.2897196261682243,31,24
301,101145,8-16 ft.,0.5138888888888888,37,8
302,101145,Less Than 8 ft.,0.5771812080536913,86,0
303,101150,16-24 ft.,0.5,22,16
304,101150,24+ ft.,0.31756756756756754,47,24
305,101150,8-16 ft.,0.46,23,8
306,101150,Less Than 8 ft.,0.4725274725274725,43,0
307,101161,16-24 ft.,0.25,1,16
308,101161,24+ ft.,0.3,6,24
309,101161,8-16 ft.,0.6666666666666666,10,8
310,101161,Less Than 8 ft.,0.6428571428571429,90,0
311,101162,16-24 ft.,0.6,9,16
312,101162,8-16 ft.,0.39325842696629215,35,8
313,101162,Less Than 8 ft.,0.5592417061611374,118,0
314,101179,16-24 ft.,0.2222222222222222,2,16
315,101179,24+ ft.,0.3888888888888889,28,24
316,101179,8-16 ft.,0.3333333333333333,2,8
317,101179,Less Than 8 ft.,0.42857142857142855,9,0
318,101181,16-24 ft.,0.484375,31,16
319,101181,24+ ft.,0.4215686274509804,43,24
320,101181,8-16 ft.,0.5483870967741935,17,8
321,101181,Less Than 8 ft.,0.5925925925925926,16,0
322,200746,16-24 ft.,0.43356643356643354,62,16
323,200746,24+ ft.,0.0,0,24
324,200746,8-16 ft.,0.37735849056603776,40,8
325,200746,Less Than 8 ft.,0.6298342541436464,114,0
326,200751,16-24 ft.,0.35,14,16
327,200751,24+ ft.,0.2905982905982906,34,24
328,200751,8-16 ft.,0.4444444444444444,4,8
329,200751,Less Than 8 ft.,0.4393939393939394,29,0
330,200752,16-24 ft.,0.4603174603174603,29,16
331,200752,24+ ft.,0.3111111111111111,28,24
332,200752,8-16 ft.,0.5151515151515151,51,8
333,200752,Less Than 8 ft.,0.49246231155778897,98,0
334,200755,16-24 ft.,0.5,58,16
335,200755,24+ ft.,0.5194805194805194,80,24
336,200755,8-16 ft.,0.4666666666666667,7,8
337,200755,Less Than 8 ft.,0.4827586206896552,14,0
338,200757,16-24 ft.,0.5909090909090909,13,16
339,200757,24+ ft.,0.2631578947368421,15,24
340,200757,8-16 ft.,0.5,5,8
341,200757,Less Than 8 ft.,0.654320987654321,53,0
342,200765,16-24 ft.,0.325,26,16
343,200765,24+ ft.,0.3090909090909091,17,24
344,200765,8-16 ft.,0.2916666666666667,7,8
345,200765,Less Than 8 ft.,0.59375,95,0
346,200768,16-24 ft.,0.35,21,16
347,200768,24+ ft.,0.39148936170212767,92,24
348,200768,8-16 ft.,0.30612244897959184,15,8
349,200768,Back Court Shot,0.0,0,50
350,200768,Less Than 8 ft.,0.5357142857142857,90,0
351,200779,24+ ft.,0.0,0,24
352,200779,8-16 ft.,1.0,1,8
353,200782,16-24 ft.,0.23529411764705882,4,16
354,200782,24+ ft.,0.3563218390804598,31,24
355,200782,8-16 ft.,0.3333333333333333,3,8
356,200782,Less Than 8 ft.,0.5132743362831859,58,0
357,200794,16-24 ft.,0.38461538461538464,15,16
358,200794,24+ ft.,0.30927835051546393,30,24
359,200794,8-16 ft.,0.4588235294117647,39,8
360,200794,Less Than 8 ft.,0.5850622406639004,141,0
361,200811,16-24 ft.,0.0,0,16
362,200811,8-16 ft.,0.0,0,8
363,200811,Less Than 8 ft.,0.5454545454545454,12,0
364,200826,16-24 ft.,0.45,9,16
365,200826,24+ ft.,0.3076923076923077,28,24
366,200826,8-16 ft.,0.4594594594594595,17,8
367,200826,Less Than 8 ft.,0.4791666666666667,46,0
368,201142,16-24 ft.,0.45,36,16
369,201142,24+ ft.,0.3767123287671233,55,24
370,201142,8-16 ft.,0.47619047619047616,50,8
371,201142,Less Than 8 ft.,0.7217391304347827,83,0
372,201143,16-24 ft.,0.4732142857142857,53,16
373,201143,24+ ft.,0.3238095238095238,34,24
374,201143,8-16 ft.,0.3898305084745763,23,8
375,201143,Less Than 8 ft.,0.6413043478260869,118,0
376,201144,16-24 ft.,0.41025641025641024,32,16
377,201144,24+ ft.,0.36,45,24
378,201144,8-16 ft.,0.36363636363636365,28,8
379,201144,Less Than 8 ft.,0.4930555555555556,71,0
380,201145,16-24 ft.,0.3125,15,16
381,201145,24+ ft.,0.25316455696202533,20,24
382,201145,8-16 ft.,0.3898305084745763,23,8
383,201145,Back Court Shot,0.0,0,50
384,201145,Less Than 8 ft.,0.4887640449438202,87,0
385,201147,16-24 ft.,0.18181818181818182,2,16
386,201147,24+ ft.,0.2736842105263158,26,24
387,201147,8-16 ft.,0.2777777777777778,5,8
388,201147,Less Than 8 ft.,0.4742268041237113,46,0
389,201148,16-24 ft.,0.6666666666666666,2,16
390,201148,8-16 ft.,0.0,0,8
391,201148,Less Than 8 ft.,0.6923076923076923,9,0
392,201149,16-24 ft.,0.3333333333333333,1,16
393,201149,8-16 ft.,1.0,1,8
394,201149,Back Court Shot,0.0,0,50
395,201149,Less Than 8 ft.,0.4146341463414634,34,0
396,201150,16-24 ft.,0.3,3,16
397,201150,24+ ft.,0.24444444444444444,11,24
398,201150,8-16 ft.,0.35714285714285715,10,8
399,201150,Less Than 8 ft.,0.4166666666666667,25,0
400,201152,16-24 ft.,0.423728813559322,25,16
401,201152,24+ ft.,0.2857142857142857,4,24
402,201152,8-16 ft.,0.36538461538461536,19,8
403,201152,Back Court Shot,0.0,0,50
404,201152,Less Than 8 ft.,0.5747126436781609,150,0
405,201155,16-24 ft.,0.359375,23,16
406,201155,24+ ft.,0.2571428571428571,9,24
407,201155,8-16 ft.,0.40540540540540543,15,8
408,201155,Back Court Shot,0.0,0,50
409,201155,Less Than 8 ft.,0.5,37,0
410,201156,16-24 ft.,0.35135135135135137,13,16
411,201156,24+ ft.,0.3609022556390977,48,24
412,201156,8-16 ft.,0.48148148148148145,13,8
413,201156,Less Than 8 ft.,0.4,4,0
414,201158,16-24 ft.,0.4339622641509434,46,16
415,201158,24+ ft.,0.32,48,24
416,201158,8-16 ft.,0.3793103448275862,11,8
417,201158,Back Court Shot,0.0,0,50
418,201158,Less Than 8 ft.,0.5909090909090909,13,0
419,201160,16-24 ft.,0.5333333333333333,48,16
420,201160,24+ ft.,0.16666666666666666,1,24
421,201160,8-16 ft.,0.42857142857142855,9,8
422,201160,Less Than 8 ft.,0.5151515151515151,17,0
423,201162,16-24 ft.,0.4727272727272727,26,16
424,201162,24+ ft.,0.4842105263157895,46,24
425,201162,8-16 ft.,0.5384615384615384,7,8
426,201162,Less Than 8 ft.,0.56,14,0
427,201166,16-24 ft.,0.6,6,16
428,201166,24+ ft.,0.4230769230769231,22,24
429,201166,8-16 ft.,0.2857142857142857,4,8
430,201166,Less Than 8 ft.,0.4897959183673469,24,0
431,201167,16-24 ft.,0.45,36,16
432,201167,24+ ft.,0.39603960396039606,40,24
433,201167,8-16 ft.,0.5340909090909091,47,8
434,201167,Less Than 8 ft.,0.5047619047619047,53,0
435,201168,16-24 ft.,0.25,1,16
436,201168,8-16 ft.,0.0,0,8
437,201168,Back Court Shot,0.0,0,50
438,201168,Less Than 8 ft.,0.5321100917431193,58,0
439,201171,16-24 ft.,0.5882352941176471,10,16
440,201171,8-16 ft.,0.5,2,8
441,201171,Less Than 8 ft.,0.65,13,0
442,201177,16-24 ft.,0.6666666666666666,4,16
443,201177,24+ ft.,0.06666666666666667,1,24
444,201177,8-16 ft.,0.0,0,8
445,201177,Less Than 8 ft.,0.47368421052631576,9,0
446,201188,16-24 ft.,0.4666666666666667,63,16
447,201188,24+ ft.,1.0,2,24
448,201188,8-16 ft.,0.40476190476190477,68,8
449,201188,Less Than 8 ft.,0.48677248677248675,92,0
450,201196,16-24 ft.,0.6153846153846154,8,16
451,201196,24+ ft.,0.3404255319148936,16,24
452,201196,8-16 ft.,0.36666666666666664,11,8
453,201196,Less Than 8 ft.,0.556390977443609,74,0
454,201202,Less Than 8 ft.,0.4,2,0
455,201228,16-24 ft.,0.2,1,16
456,201228,24+ ft.,0.3333333333333333,2,24
457,201228,8-16 ft.,0.3333333333333333,1,8
458,201228,Less Than 8 ft.,0.42857142857142855,3,0
459,201229,16-24 ft.,0.4,4,16
460,201229,24+ ft.,0.362962962962963,49,24
461,201229,8-16 ft.,0.375,3,8
462,201229,Less Than 8 ft.,0.42857142857142855,6,0
463,201564,16-24 ft.,0.575,23,16
464,201564,24+ ft.,0.3253012048192771,27,24
465,201564,8-16 ft.,0.39285714285714285,11,8
466,201564,Back Court Shot,0.0,0,50
467,201564,Less Than 8 ft.,0.3469387755102041,17,0
468,201565,16-24 ft.,0.31746031746031744,20,16
469,201565,24+ ft.,0.31666666666666665,19,24
470,201565,8-16 ft.,0.47692307692307695,31,8
471,201565,Back Court Shot,0.0,0,50
472,201565,Less Than 8 ft.,0.44025157232704404,70,0
473,201566,16-24 ft.,0.38461538461538464,25,16
474,201566,24+ ft.,0.2900763358778626,38,24
475,201566,8-16 ft.,0.4444444444444444,48,8
476,201566,Less Than 8 ft.,0.5517241379310345,144,0
477,201567,16-24 ft.,0.37209302325581395,16,16
478,201567,24+ ft.,0.3473684210526316,66,24
479,201567,8-16 ft.,0.3333333333333333,19,8
480,201567,Less Than 8 ft.,0.5121951219512195,84,0
481,201568,16-24 ft.,0.34328358208955223,23,16
482,201568,24+ ft.,0.3488372093023256,45,24
483,201568,8-16 ft.,0.17391304347826086,4,8
484,201568,Back Court Shot,0.0,0,50
485,201568,Less Than 8 ft.,0.5118110236220472,65,0
486,201569,16-24 ft.,0.37735849056603776,20,16
487,201569,24+ ft.,0.3876651982378855,88,24
488,201569,8-16 ft.,0.4444444444444444,12,8
489,201569,Less Than 8 ft.,0.48739495798319327,58,0
490,201571,16-24 ft.,0.36363636363636365,4,16
491,201571,24+ ft.,0.4166666666666667,15,24
492,201571,8-16 ft.,0.0,0,8
493,201571,Back Court Shot,0.0,0,50
494,201571,Less Than 8 ft.,0.3157894736842105,6,0
495,201572,16-24 ft.,0.46153846153846156,36,16
496,201572,24+ ft.,0.0,0,24
497,201572,8-16 ft.,0.4127906976744186,71,8
498,201572,Less Than 8 ft.,0.5466666666666666,123,0
499,201573,16-24 ft.,0.48148148148148145,13,16
500,201573,24+ ft.,0.42,42,24
501,201573,8-16 ft.,0.5714285714285714,8,8
502,201573,Less Than 8 ft.,0.43478260869565216,20,0
503,201574,16-24 ft.,0.5,1,16
504,201574,8-16 ft.,0.14285714285714285,1,8
505,201574,Less Than 8 ft.,0.5263157894736842,10,0
506,201575,16-24 ft.,0.5714285714285714,8,16
507,201575,24+ ft.,0.475,38,24
508,201575,8-16 ft.,0.25,2,8
509,201575,Less Than 8 ft.,0.40625,13,0
510,201577,16-24 ft.,0.25,4,16
511,201577,8-16 ft.,0.3695652173913043,17,8
512,201577,Less Than 8 ft.,0.5761316872427984,140,0
513,201578,16-24 ft.,0.4084507042253521,29,16
514,201578,24+ ft.,0.3,3,24
515,201578,8-16 ft.,0.42105263157894735,8,8
516,201578,Back Court Shot,0.0,0,50
517,201578,Less Than 8 ft.,0.32857142857142857,23,0
518,201579,16-24 ft.,0.32608695652173914,15,16
519,201579,24+ ft.,0.0,0,24
520,201579,8-16 ft.,0.45454545454545453,20,8
521,201579,Less Than 8 ft.,0.504424778761062,57,0
522,201580,16-24 ft.,0.5,3,16
523,201580,8-16 ft.,0.2,2,8
524,201580,Less Than 8 ft.,0.6891891891891891,51,0
525,201581,16-24 ft.,0.5,4,16
526,201581,8-16 ft.,0.26666666666666666,4,8
527,201581,Less Than 8 ft.,0.5932203389830508,35,0
528,201582,16-24 ft.,0.5348837209302325,23,16
529,201582,24+ ft.,0.0,0,24
530,201582,8-16 ft.,0.3,6,8
531,201582,Less Than 8 ft.,0.5873015873015873,37,0
532,201583,16-24 ft.,0.5,38,16
533,201583,24+ ft.,0.3776595744680851,71,24
534,201583,8-16 ft.,0.3787878787878788,25,8
535,201583,Back Court Shot,0.0,0,50
536,201583,Less Than 8 ft.,0.4897959183673469,72,0
537,201584,16-24 ft.,0.48,36,16
538,201584,24+ ft.,0.3253012048192771,27,24
539,201584,8-16 ft.,0.42,21,8
540,201584,Less Than 8 ft.,0.5833333333333334,42,0
541,201585,8-16 ft.,0.4,16,8
542,201585,Less Than 8 ft.,0.5705128205128205,89,0
543,201586,16-24 ft.,0.496,62,16
544,201586,24+ ft.,0.3835616438356164,28,24
545,201586,8-16 ft.,0.5531914893617021,26,8
546,201586,Less Than 8 ft.,0.584070796460177,66,0
547,201587,16-24 ft.,0.38095238095238093,24,16
548,201587,24+ ft.,0.3404255319148936,48,24
549,201587,8-16 ft.,0.4,14,8
550,201587,Back Court Shot,0.0,0,50
551,201587,Less Than 8 ft.,0.5333333333333333,32,0
552,201588,16-24 ft.,0.3617021276595745,17,16
553,201588,24+ ft.,0.4065040650406504,50,24
554,201588,8-16 ft.,0.43478260869565216,20,8
555,201588,Less Than 8 ft.,0.5408163265306123,53,0
556,201589,16-24 ft.,0.4421052631578947,42,16
557,201589,24+ ft.,0.3448275862068966,10,24
558,201589,8-16 ft.,0.46153846153846156,12,8
559,201589,Less Than 8 ft.,0.49019607843137253,25,0
560,201593,8-16 ft.,0.5,2,8
561,201593,Less Than 8 ft.,0.38461538461538464,10,0
562,201599,8-16 ft.,0.6666666666666666,2,8
563,201599,Less Than 8 ft.,0.73224043715847,134,0
564,201600,8-16 ft.,0.0,0,8
565,201600,Less Than 8 ft.,0.5142857142857142,36,0
566,201601,16-24 ft.,0.2,1,16
567,201601,24+ ft.,0.375,6,24
568,201601,8-16 ft.,0.0,0,8
569,201601,Less Than 8 ft.,0.47619047619047616,20,0
570,201609,16-24 ft.,0.5,18,16
571,201609,24+ ft.,0.3048780487804878,25,24
572,201609,8-16 ft.,0.49019607843137253,25,8
573,201609,Back Court Shot,0.0,0,50
574,201609,Less Than 8 ft.,0.5531914893617021,78,0
575,201619,Less Than 8 ft.,0.5,1,0
576,201627,16-24 ft.,0.5,6,16
577,201627,24+ ft.,0.4175824175824176,38,24
578,201627,8-16 ft.,0.32,8,8
579,201627,Less Than 8 ft.,0.47058823529411764,8,0
580,201933,16-24 ft.,0.4320388349514563,89,16
581,201933,24+ ft.,0.4,6,24
582,201933,8-16 ft.,0.40476190476190477,17,8
583,201933,Less Than 8 ft.,0.6612021857923497,121,0
584,201935,16-24 ft.,0.3979591836734694,39,16
585,201935,24+ ft.,0.34397163120567376,97,24
586,201935,8-16 ft.,0.41025641025641024,32,8
587,201935,Less Than 8 ft.,0.5315315315315315,118,0
588,201936,16-24 ft.,0.3225806451612903,10,16
589,201936,24+ ft.,0.3888888888888889,28,24
590,201936,8-16 ft.,0.0,0,8
591,201936,Less Than 8 ft.,0.46357615894039733,70,0
592,201937,16-24 ft.,0.32954545454545453,29,16
593,201937,24+ ft.,0.2727272727272727,18,24
594,201937,8-16 ft.,0.17391304347826086,4,8
595,201937,Less Than 8 ft.,0.4166666666666667,25,0
596,201939,16-24 ft.,0.4852941176470588,33,16
597,201939,24+ ft.,0.4609571788413098,183,24
598,201939,8-16 ft.,0.4915254237288136,29,8
599,201939,Back Court Shot,0.16666666666666666,1,50
600,201939,Less Than 8 ft.,0.6331658291457286,126,0
601,201941,16-24 ft.,0.373134328358209,25,16
602,201941,24+ ft.,0.0,0,24
603,201941,8-16 ft.,0.4146341463414634,17,8
604,201941,Less Than 8 ft.,0.60431654676259,84,0
605,201942,16-24 ft.,0.34265734265734266,49,16
606,201942,24+ ft.,0.3125,15,24
607,201942,8-16 ft.,0.4327485380116959,74,8
608,201942,Back Court Shot,0.0,0,50
609,201942,Less Than 8 ft.,0.5466666666666666,123,0
610,201943,16-24 ft.,0.2,1,16
611,201943,24+ ft.,0.37037037037037035,10,24
612,201943,8-16 ft.,0.5,3,8
613,201943,Back Court Shot,0.0,0,50
614,201943,Less Than 8 ft.,0.5263157894736842,10,0
615,201945,16-24 ft.,0.34,17,16
616,201945,24+ ft.,0.3793103448275862,22,24
617,201945,8-16 ft.,0.3783783783783784,14,8
618,201945,Less Than 8 ft.,0.4634146341463415,19,0
619,201946,24+ ft.,1.0,1,24
620,201946,8-16 ft.,0.0,0,8
621,201946,Less Than 8 ft.,0.45161290322580644,14,0
622,201949,16-24 ft.,0.5,1,16
623,201949,24+ ft.,0.3793103448275862,11,24
624,201949,8-16 ft.,0.5,3,8
625,201949,Back Court Shot,0.0,0,50
626,201949,Less Than 8 ft.,0.620253164556962,49,0
627,201950,16-24 ft.,0.21875,7,16
628,201950,24+ ft.,0.35714285714285715,35,24
629,201950,8-16 ft.,0.46153846153846156,30,8
630,201950,Back Court Shot,1.0,1,50
631,201950,Less Than 8 ft.,0.5067567567567568,75,0
632,201951,16-24 ft.,0.38095238095238093,16,16
633,201951,24+ ft.,0.34545454545454546,19,24
634,201951,8-16 ft.,0.4782608695652174,11,8
635,201951,Back Court Shot,0.0,0,50
636,201951,Less Than 8 ft.,0.4716981132075472,25,0
637,201952,16-24 ft.,0.3157894736842105,12,16
638,201952,24+ ft.,0.42045454545454547,37,24
639,201952,8-16 ft.,0.3389830508474576,20,8
640,201952,Less Than 8 ft.,0.4485981308411215,96,0
641,201954,16-24 ft.,0.359375,23,16
642,201954,24+ ft.,0.38461538461538464,30,24
643,201954,8-16 ft.,0.4666666666666667,14,8
644,201954,Less Than 8 ft.,0.543859649122807,62,0
645,201956,24+ ft.,0.4818181818181818,53,24
646,201956,8-16 ft.,0.1875,3,8
647,201956,Less Than 8 ft.,0.5983606557377049,73,0
648,201959,16-24 ft.,0.4166666666666667,10,16
649,201959,24+ ft.,0.0,0,24
650,201959,8-16 ft.,0.3902439024390244,16,8
651,201959,Less Than 8 ft.,0.5327102803738317,57,0
652,201960,16-24 ft.,0.26666666666666666,4,16
653,201960,24+ ft.,0.40540540540540543,30,24
654,201960,8-16 ft.,0.2727272727272727,6,8
655,201960,Back Court Shot,0.0,0,50
656,201960,Less Than 8 ft.,0.45454545454545453,35,0
657,201961,16-24 ft.,0.45,27,16
658,201961,24+ ft.,0.2564102564102564,20,24
659,201961,8-16 ft.,0.42857142857142855,6,8
660,201961,Less Than 8 ft.,0.5517241379310345,16,0
661,201962,16-24 ft.,0.3,3,16
662,201962,24+ ft.,0.38235294117647056,13,24
663,201962,8-16 ft.,0.2777777777777778,5,8
664,201962,Less Than 8 ft.,0.6956521739130435,16,0
665,201967,16-24 ft.,0.55,11,16
666,201967,24+ ft.,0.35714285714285715,20,24
667,201967,8-16 ft.,0.0,0,8
668,201967,Back Court Shot,0.0,0,50
669,201967,Less Than 8 ft.,0.65,26,0
670,201973,16-24 ft.,0.13333333333333333,2,16
671,201973,24+ ft.,0.47058823529411764,16,24
672,201973,8-16 ft.,0.5,2,8
673,201973,Less Than 8 ft.,0.44,22,0
674,201975,16-24 ft.,0.0,0,16
675,201975,8-16 ft.,0.0,0,8
676,201975,Less Than 8 ft.,0.5,1,0
677,201976,16-24 ft.,0.42857142857142855,6,16
678,201976,24+ ft.,0.45045045045045046,50,24
679,201976,8-16 ft.,0.6111111111111112,11,8
680,201976,Back Court Shot,0.0,0,50
681,201976,Less Than 8 ft.,0.4057971014492754,28,0
682,201977,16-24 ft.,0.46875,15,16
683,201977,24+ ft.,0.3656716417910448,49,24
684,201977,8-16 ft.,0.35714285714285715,10,8
685,201977,Back Court Shot,0.0,0,50
686,201977,Less Than 8 ft.,0.4819277108433735,40,0
687,201978,16-24 ft.,0.125,1,16
688,201978,24+ ft.,0.30952380952380953,13,24
689,201978,8-16 ft.,0.23529411764705882,4,8
690,201978,Less Than 8 ft.,0.6111111111111112,33,0
691,201980,16-24 ft.,0.32,8,16
692,201980,24+ ft.,0.34615384615384615,54,24
693,201980,8-16 ft.,0.32,8,8
694,201980,Less Than 8 ft.,0.5227272727272727,23,0
695,201988,16-24 ft.,0.4782608695652174,33,16
696,201988,24+ ft.,0.3700787401574803,47,24
697,201988,8-16 ft.,0.4,4,8
698,201988,Less Than 8 ft.,0.6222222222222222,28,0
699,202066,16-24 ft.,0.3157894736842105,6,16
700,202066,24+ ft.,0.33980582524271846,35,24
701,202066,8-16 ft.,0.3,3,8
702,202066,Less Than 8 ft.,0.5316455696202531,42,0
703,202083,16-24 ft.,0.4117647058823529,14,16
704,202083,24+ ft.,0.3487179487179487,68,24
705,202083,8-16 ft.,0.43333333333333335,13,8
706,202083,Less Than 8 ft.,0.4576271186440678,27,0
707,202087,16-24 ft.,0.4166666666666667,5,16
708,202087,24+ ft.,0.3235294117647059,11,24
709,202087,8-16 ft.,0.25,1,8
710,202087,Less Than 8 ft.,0.6029411764705882,41,0
711,202322,16-24 ft.,0.3443708609271523,52,16
712,202322,24+ ft.,0.35074626865671643,47,24
713,202322,8-16 ft.,0.35064935064935066,27,8
714,202322,Back Court Shot,0.0,0,50
715,202322,Less Than 8 ft.,0.5696969696969697,94,0
716,202323,16-24 ft.,0.475,19,16
717,202323,24+ ft.,0.12195121951219512,5,24
718,202323,8-16 ft.,0.37777777777777777,34,8
719,202323,Back Court Shot,0.0,0,50
720,202323,Less Than 8 ft.,0.5257731958762887,51,0
721,202324,16-24 ft.,0.4423076923076923,23,16
722,202324,8-16 ft.,0.37209302325581395,32,8
723,202324,Less Than 8 ft.,0.6440677966101694,114,0
724,202325,16-24 ft.,0.28,7,16
725,202325,24+ ft.,0.37735849056603776,40,24
726,202325,8-16 ft.,0.5,4,8
727,202325,Less Than 8 ft.,0.7407407407407407,20,0
728,202326,16-24 ft.,0.3291139240506329,26,16
729,202326,24+ ft.,0.36666666666666664,33,24
730,202326,8-16 ft.,0.2903225806451613,9,8
731,202326,Less Than 8 ft.,0.5170068027210885,152,0
732,202328,16-24 ft.,0.5,13,16
733,202328,8-16 ft.,0.3387096774193548,21,8
734,202328,Less Than 8 ft.,0.5368421052631579,204,0
735,202329,16-24 ft.,0.425,17,16
736,202329,24+ ft.,0.35668789808917195,56,24
737,202329,8-16 ft.,0.375,9,8
738,202329,Less Than 8 ft.,0.46923076923076923,61,0
739,202330,16-24 ft.,0.37333333333333335,28,16
740,202330,24+ ft.,0.36464088397790057,66,24
741,202330,8-16 ft.,0.4659090909090909,41,8
742,202330,Back Court Shot,0.0,0,50
743,202330,Less Than 8 ft.,0.5163398692810458,79,0
744,202331,16-24 ft.,0.368,46,16
745,202331,24+ ft.,0.3764705882352941,96,24
746,202331,8-16 ft.,0.3516483516483517,32,8
747,202331,Back Court Shot,0.0,0,50
748,202331,Less Than 8 ft.,0.5384615384615384,70,0
749,202332,8-16 ft.,1.0,1,8
750,202332,Less Than 8 ft.,0.5614035087719298,32,0
751,202334,8-16 ft.,0.4,2,8
752,202334,Less Than 8 ft.,0.6206896551724138,90,0
753,202335,16-24 ft.,0.25,1,16
754,202335,24+ ft.,0.30303030303030304,40,24
755,202335,8-16 ft.,0.5416666666666666,13,8
756,202335,Back Court Shot,0.0,0,50
757,202335,Less Than 8 ft.,0.5,22,0
758,202337,16-24 ft.,0.4,2,16
759,202337,24+ ft.,0.29545454545454547,13,24
760,202337,8-16 ft.,0.6666666666666666,2,8
761,202337,Less Than 8 ft.,0.5454545454545454,6,0
762,202338,16-24 ft.,0.25,3,16
763,202338,8-16 ft.,0.325,13,8
764,202338,Back Court Shot,0.0,0,50
765,202338,Less Than 8 ft.,0.45098039215686275,23,0
766,202339,16-24 ft.,0.4329896907216495,42,16
767,202339,24+ ft.,0.3739130434782609,43,24
768,202339,8-16 ft.,0.4,22,8
769,202339,Less Than 8 ft.,0.51875,83,0
770,202340,16-24 ft.,0.44881889763779526,57,16
771,202340,24+ ft.,0.32450331125827814,49,24
772,202340,8-16 ft.,0.29411764705882354,5,8
773,202340,Less Than 8 ft.,0.6190476190476191,52,0
774,202341,16-24 ft.,0.0,0,16
775,202341,24+ ft.,0.3181818181818182,7,24
776,202341,8-16 ft.,0.0,0,8
777,202341,Less Than 8 ft.,0.2857142857142857,4,0
778,202344,16-24 ft.,0.16666666666666666,2,16
779,202344,24+ ft.,0.1875,3,24
780,202344,8-16 ft.,0.08333333333333333,1,8
781,202344,Back Court Shot,0.0,0,50
782,202344,Less Than 8 ft.,0.49264705882352944,67,0
783,202349,16-24 ft.,0.4444444444444444,4,16
784,202349,24+ ft.,0.3157894736842105,12,24
785,202349,8-16 ft.,0.45454545454545453,5,8
786,202349,Less Than 8 ft.,0.36,9,0
787,202353,16-24 ft.,1.0,2,16
788,202353,24+ ft.,0.0,0,24
789,202353,Less Than 8 ft.,0.4,4,0
790,202355,16-24 ft.,0.2857142857142857,2,16
791,202355,8-16 ft.,0.43902439024390244,18,8
792,202355,Less Than 8 ft.,0.669683257918552,148,0
793,202357,16-24 ft.,0.25,1,16
794,202357,24+ ft.,0.3561643835616438,26,24
795,202357,8-16 ft.,0.25,1,8
796,202357,Less Than 8 ft.,0.5675675675675675,21,0
797,202362,16-24 ft.,0.1875,3,16
798,202362,24+ ft.,0.2962962962962963,8,24
799,202362,8-16 ft.,0.45454545454545453,5,8
800,202362,Less Than 8 ft.,0.5405405405405406,20,0
801,202379,16-24 ft.,0.0,0,16
802,202379,24+ ft.,0.09090909090909091,1,24
803,202379,8-16 ft.,0.0,0,8
804,202379,Less Than 8 ft.,0.5,6,0
805,202388,16-24 ft.,0.42857142857142855,3,16
806,202388,24+ ft.,0.35714285714285715,5,24
807,202388,8-16 ft.,0.0,0,8
808,202388,Less Than 8 ft.,0.5675675675675675,21,0
809,202389,16-24 ft.,0.6363636363636364,7,16
810,202389,24+ ft.,0.25,1,24
811,202389,8-16 ft.,0.24,6,8
812,202389,Less Than 8 ft.,0.5833333333333334,70,0
813,202391,16-24 ft.,0.4166666666666667,20,16
814,202391,24+ ft.,0.31958762886597936,31,24
815,202391,8-16 ft.,0.42857142857142855,15,8
816,202391,Less Than 8 ft.,0.5304347826086957,61,0
817,202397,16-24 ft.,0.40350877192982454,23,16
818,202397,24+ ft.,0.275,11,24
819,202397,8-16 ft.,0.38095238095238093,16,8
820,202397,Back Court Shot,0.0,0,50
821,202397,Less Than 8 ft.,0.4807692307692308,75,0
822,202498,16-24 ft.,0.48148148148148145,26,16
823,202498,24+ ft.,0.4305555555555556,31,24
824,202498,8-16 ft.,0.48484848484848486,16,8
825,202498,Less Than 8 ft.,0.494949494949495,49,0
826,202681,16-24 ft.,0.6363636363636364,14,16
827,202681,24+ ft.,0.24390243902439024,10,24
828,202681,8-16 ft.,0.5,12,8
829,202681,Less Than 8 ft.,0.5272727272727272,29,0
830,202682,16-24 ft.,0.32558139534883723,14,16
831,202682,24+ ft.,0.24358974358974358,19,24
832,202682,8-16 ft.,0.41379310344827586,12,8
833,202682,Back Court Shot,0.0,0,50
834,202682,Less Than 8 ft.,0.6076923076923076,79,0
835,202683,16-24 ft.,0.3333333333333333,7,16
836,202683,24+ ft.,0.6666666666666666,2,24
837,202683,8-16 ft.,0.5263157894736842,20,8
838,202683,Less Than 8 ft.,0.6031746031746031,114,0
839,202684,16-24 ft.,0.0,0,16
840,202684,8-16 ft.,0.25,3,8
841,202684,Less Than 8 ft.,0.5961538461538461,93,0
842,202685,16-24 ft.,0.6666666666666666,4,16
843,202685,8-16 ft.,0.2857142857142857,6,8
844,202685,Less Than 8 ft.,0.5619834710743802,68,0
845,202687,16-24 ft.,0.3333333333333333,1,16
846,202687,8-16 ft.,0.21052631578947367,4,8
847,202687,Less Than 8 ft.,0.574468085106383,54,0
848,202688,16-24 ft.,0.3684210526315789,49,16
849,202688,24+ ft.,0.33649289099526064,71,24
850,202688,8-16 ft.,0.375,21,8
851,202688,Back Court Shot,0.0,0,50
852,202688,Less Than 8 ft.,0.5435897435897435,106,0
853,202689,16-24 ft.,0.36,45,16
854,202689,24+ ft.,0.34146341463414637,56,24
855,202689,8-16 ft.,0.42857142857142855,33,8
856,202689,Back Court Shot,0.0,0,50
857,202689,Less Than 8 ft.,0.546875,105,0
858,202691,16-24 ft.,0.40217391304347827,37,16
859,202691,24+ ft.,0.43508771929824563,124,24
860,202691,8-16 ft.,0.43157894736842106,41,8
861,202691,Back Court Shot,0.0,0,50
862,202691,Less Than 8 ft.,0.5725190839694656,75,0
863,202692,16-24 ft.,0.2962962962962963,16,16
864,202692,24+ ft.,0.36923076923076925,24,24
865,202692,8-16 ft.,0.32075471698113206,17,8
866,202692,Back Court Shot,0.0,0,50
867,202692,Less Than 8 ft.,0.49557522123893805,56,0
868,202693,16-24 ft.,0.2711864406779661,16,16
869,202693,24+ ft.,0.3269230769230769,17,24
870,202693,8-16 ft.,0.391304347826087,18,8
871,202693,Back Court Shot,0.0,0,50
872,202693,Less Than 8 ft.,0.48484848484848486,48,0
873,202694,16-24 ft.,0.42696629213483145,38,16
874,202694,24+ ft.,0.3305785123966942,40,24
875,202694,8-16 ft.,0.39669421487603307,48,8
876,202694,Back Court Shot,0.0,0,50
877,202694,Less Than 8 ft.,0.5420560747663551,58,0
878,202695,16-24 ft.,0.38823529411764707,33,16
879,202695,24+ ft.,0.47580645161290325,59,24
880,202695,8-16 ft.,0.45614035087719296,52,8
881,202695,Less Than 8 ft.,0.6363636363636364,91,0
882,202696,16-24 ft.,0.46153846153846156,60,16
883,202696,24+ ft.,0.2,1,24
884,202696,8-16 ft.,0.4583333333333333,55,8
885,202696,Less Than 8 ft.,0.5730337078651685,102,0
886,202697,16-24 ft.,0.4444444444444444,8,16
887,202697,24+ ft.,0.3673469387755102,18,24
888,202697,8-16 ft.,0.0,0,8
889,202697,Less Than 8 ft.,0.5185185185185185,14,0
890,202699,16-24 ft.,0.45161290322580644,14,16
891,202699,24+ ft.,0.27586206896551724,24,24
892,202699,8-16 ft.,0.25,8,8
893,202699,Less Than 8 ft.,0.5838509316770186,94,0
894,202700,24+ ft.,0.4117647058823529,7,24
895,202700,8-16 ft.,0.5384615384615384,7,8
896,202700,Less Than 8 ft.,0.5185185185185185,14,0
897,202702,16-24 ft.,0.2,3,16
898,202702,8-16 ft.,0.4444444444444444,8,8
899,202702,Back Court Shot,0.0,0,50
900,202702,Less Than 8 ft.,0.6103896103896104,141,0
901,202703,16-24 ft.,0.3333333333333333,8,16
902,202703,24+ ft.,0.3046875,39,24
903,202703,8-16 ft.,0.2,4,8
904,202703,Less Than 8 ft.,0.5846153846153846,38,0
905,202704,16-24 ft.,0.26153846153846155,17,16
906,202704,24+ ft.,0.3464052287581699,53,24
907,202704,8-16 ft.,0.4411764705882353,45,8
908,202704,Back Court Shot,0.0,0,50
909,202704,Less Than 8 ft.,0.5092250922509225,138,0
910,202708,16-24 ft.,0.3875,31,16
911,202708,24+ ft.,0.25925925925925924,14,24
912,202708,8-16 ft.,0.5238095238095238,11,8
913,202708,Less Than 8 ft.,0.42857142857142855,27,0
914,202709,16-24 ft.,0.37209302325581395,16,16
915,202709,24+ ft.,0.23076923076923078,9,24
916,202709,8-16 ft.,0.36363636363636365,16,8
917,202709,Less Than 8 ft.,0.5051546391752577,49,0
918,202710,16-24 ft.,0.4423076923076923,46,16
919,202710,24+ ft.,0.25,21,24
920,202710,8-16 ft.,0.31746031746031744,20,8
921,202710,Back Court Shot,0.5,1,50
922,202710,Less Than 8 ft.,0.5930232558139535,102,0
923,202711,16-24 ft.,0.46153846153846156,6,16
924,202711,24+ ft.,0.3508771929824561,40,24
925,202711,8-16 ft.,0.34375,11,8
926,202711,Less Than 8 ft.,0.5777777777777777,52,0
927,202713,16-24 ft.,0.2857142857142857,2,16
928,202713,24+ ft.,0.3888888888888889,14,24
929,202713,8-16 ft.,0.5555555555555556,5,8
930,202713,Less Than 8 ft.,0.3888888888888889,7,0
931,202714,16-24 ft.,0.3333333333333333,4,16
932,202714,24+ ft.,0.2,4,24
933,202714,8-16 ft.,0.5,6,8
934,202714,Less Than 8 ft.,0.6956521739130435,16,0
935,202718,16-24 ft.,0.5,11,16
936,202718,24+ ft.,0.39080459770114945,34,24
937,202718,8-16 ft.,0.4444444444444444,8,8
938,202718,Less Than 8 ft.,0.5641025641025641,66,0
939,202720,16-24 ft.,0.2727272727272727,9,16
940,202720,24+ ft.,0.453125,29,24
941,202720,8-16 ft.,0.4888888888888889,22,8
942,202720,Back Court Shot,0.0,0,50
943,202720,Less Than 8 ft.,0.5742574257425742,58,0
944,202730,16-24 ft.,0.3877551020408163,19,16
945,202730,8-16 ft.,0.27586206896551724,8,8
946,202730,Less Than 8 ft.,0.6106194690265486,69,0
947,202734,16-24 ft.,0.2727272727272727,3,16
948,202734,24+ ft.,0.35714285714285715,5,24
949,202734,8-16 ft.,0.4,6,8
950,202734,Less Than 8 ft.,0.6666666666666666,22,0
951,202738,16-24 ft.,0.39285714285714285,22,16
952,202738,24+ ft.,0.34054054054054056,63,24
953,202738,8-16 ft.,0.3972602739726027,29,8
954,202738,Less Than 8 ft.,0.481981981981982,107,0
955,203076,16-24 ft.,0.42,63,16
956,203076,24+ ft.,0.3,18,24
957,203076,8-16 ft.,0.37404580152671757,49,8
958,203076,Less Than 8 ft.,0.6334661354581673,159,0
959,203078,16-24 ft.,0.41379310344827586,24,16
960,203078,24+ ft.,0.3894736842105263,37,24
961,203078,8-16 ft.,0.4,18,8
962,203078,Less Than 8 ft.,0.5769230769230769,45,0
963,203079,16-24 ft.,0.3283582089552239,22,16
964,203079,24+ ft.,0.3225806451612903,30,24
965,203079,8-16 ft.,0.2631578947368421,5,8
966,203079,Less Than 8 ft.,0.48717948717948717,57,0
967,203080,16-24 ft.,0.0,0,16
968,203080,8-16 ft.,0.3,3,8
969,203080,Less Than 8 ft.,0.5454545454545454,24,0
970,203081,16-24 ft.,0.43434343434343436,43,16
971,203081,24+ ft.,0.3968871595330739,102,24
972,203081,8-16 ft.,0.3888888888888889,21,8
973,203081,Less Than 8 ft.,0.4657534246575342,102,0
974,203082,16-24 ft.,0.40540540540540543,15,16
975,203082,24+ ft.,0.415929203539823,47,24
976,203082,8-16 ft.,0.46153846153846156,12,8
977,203082,Back Court Shot,0.0,0,50
978,203082,Less Than 8 ft.,0.8181818181818182,18,0
979,203083,16-24 ft.,0.0,0,16
980,203083,8-16 ft.,0.2653061224489796,13,8
981,203083,Back Court Shot,0.0,0,50
982,203083,Less Than 8 ft.,0.5491452991452992,257,0
983,203084,16-24 ft.,0.5681818181818182,25,16
984,203084,24+ ft.,0.38235294117647056,26,24
985,203084,8-16 ft.,0.4,14,8
986,203084,Less Than 8 ft.,0.5714285714285714,44,0
987,203085,16-24 ft.,0.45161290322580644,14,16
988,203085,24+ ft.,0.34328358208955223,23,24
989,203085,8-16 ft.,0.34782608695652173,8,8
990,203085,Back Court Shot,0.0,0,50
991,203085,Less Than 8 ft.,0.5421686746987951,45,0
992,203086,16-24 ft.,0.5365853658536586,22,16
993,203086,24+ ft.,0.36885245901639346,45,24
994,203086,8-16 ft.,0.5853658536585366,24,8
995,203086,Less Than 8 ft.,0.5526315789473685,21,0
996,203087,16-24 ft.,0.4444444444444444,16,16
997,203087,24+ ft.,0.3191489361702128,30,24
998,203087,8-16 ft.,0.4888888888888889,22,8
999,203087,Less Than 8 ft.,0.5656565656565656,56,0
1000,203088,16-24 ft.,0.4,2,16
1001,203088,24+ ft.,0.3125,5,24
1002,203088,8-16 ft.,0.2,1,8
1003,203088,Back Court Shot,0.0,0,50
1004,203088,Less Than 8 ft.,0.2727272727272727,3,0
1005,203089,8-16 ft.,0.38461538461538464,5,8
1006,203089,Less Than 8 ft.,0.6013513513513513,89,0
1007,203090,16-24 ft.,0.16666666666666666,1,16
1008,203090,24+ ft.,0.288135593220339,17,24
1009,203090,8-16 ft.,0.5,1,8
1010,203090,Back Court Shot,0.0,0,50
1011,203090,Less Than 8 ft.,0.5824175824175825,53,0
1012,203092,16-24 ft.,0.2857142857142857,6,16
1013,203092,8-16 ft.,0.09090909090909091,1,8
1014,203092,Less Than 8 ft.,0.4888888888888889,22,0
1015,203093,16-24 ft.,0.5,5,16
1016,203093,24+ ft.,0.2857142857142857,16,24
1017,203093,8-16 ft.,0.3333333333333333,4,8
1018,203093,Back Court Shot,0.0,0,50
1019,203093,Less Than 8 ft.,0.4835164835164835,88,0
1020,203094,16-24 ft.,0.3333333333333333,1,16
1021,203094,24+ ft.,0.37037037037037035,20,24
1022,203094,8-16 ft.,0.35294117647058826,6,8
1023,203094,Less Than 8 ft.,0.5901639344262295,36,0
1024,203095,16-24 ft.,0.3548387096774194,11,16
1025,203095,24+ ft.,0.38461538461538464,55,24
1026,203095,8-16 ft.,0.2857142857142857,8,8
1027,203095,Less Than 8 ft.,0.5546218487394958,66,0
1028,203096,16-24 ft.,0.4090909090909091,36,16
1029,203096,24+ ft.,0.26666666666666666,12,24
1030,203096,8-16 ft.,0.24242424242424243,8,8
1031,203096,Back Court Shot,0.0,0,50
1032,203096,Less Than 8 ft.,0.5038167938931297,66,0
1033,203098,16-24 ft.,0.5333333333333333,8,16
1034,203098,24+ ft.,0.14285714285714285,2,24
1035,203098,8-16 ft.,0.375,3,8
1036,203098,Less Than 8 ft.,0.6666666666666666,8,0
1037,203100,16-24 ft.,1.0,1,16
1038,203100,24+ ft.,0.25,3,24
1039,203100,8-16 ft.,0.0,0,8
1040,203100,Less Than 8 ft.,0.3611111111111111,13,0
1041,203101,8-16 ft.,0.6666666666666666,2,8
1042,203101,Less Than 8 ft.,0.5925925925925926,16,0
1043,203105,16-24 ft.,0.25,1,16
1044,203105,8-16 ft.,0.22727272727272727,5,8
1045,203105,Less Than 8 ft.,0.64,96,0
1046,203109,16-24 ft.,0.423728813559322,25,16
1047,203109,24+ ft.,0.3576158940397351,54,24
1048,203109,8-16 ft.,0.3448275862068966,10,8
1049,203109,Less Than 8 ft.,0.6239316239316239,73,0
1050,203110,16-24 ft.,0.29411764705882354,5,16
1051,203110,24+ ft.,0.3900709219858156,55,24
1052,203110,8-16 ft.,0.28,7,8
1053,203110,Less Than 8 ft.,0.5642023346303502,145,0
1054,203112,16-24 ft.,0.6666666666666666,2,16
1055,203112,24+ ft.,0.5,4,24
1056,203112,8-16 ft.,0.5,1,8
1057,203112,Less Than 8 ft.,0.6785714285714286,19,0
1058,203114,16-24 ft.,0.42063492063492064,53,16
1059,203114,24+ ft.,0.4647058823529412,79,24
1060,203114,8-16 ft.,0.40707964601769914,46,8
1061,203114,Less Than 8 ft.,0.4954954954954955,55,0
1062,203115,16-24 ft.,0.3333333333333333,15,16
1063,203115,24+ ft.,0.3880597014925373,52,24
1064,203115,8-16 ft.,0.31666666666666665,19,8
1065,203115,Back Court Shot,0.0,0,50
1066,203115,Less Than 8 ft.,0.5470588235294118,93,0
1067,203118,16-24 ft.,0.2857142857142857,2,16
1068,203118,24+ ft.,0.4426229508196721,27,24
1069,203118,8-16 ft.,0.6363636363636364,14,8
1070,203118,Less Than 8 ft.,0.6290322580645161,39,0
1071,203124,16-24 ft.,0.43333333333333335,13,16
1072,203124,24+ ft.,0.0,0,24
1073,203124,8-16 ft.,0.5652173913043478,13,8
1074,203124,Less Than 8 ft.,0.5636363636363636,31,0
1075,203135,16-24 ft.,0.5,2,16
1076,203135,8-16 ft.,0.4444444444444444,4,8
1077,203135,Less Than 8 ft.,0.4074074074074074,11,0
1078,203138,16-24 ft.,0.3333333333333333,8,16
1079,203138,24+ ft.,0.40540540540540543,60,24
1080,203138,8-16 ft.,0.5,12,8
1081,203138,Back Court Shot,0.0,0,50
1082,203138,Less Than 8 ft.,0.5636363636363636,31,0
1083,203141,16-24 ft.,0.2727272727272727,6,16
1084,203141,24+ ft.,0.44385026737967914,83,24
1085,203141,8-16 ft.,0.2777777777777778,5,8
1086,203141,Less Than 8 ft.,0.5087719298245614,29,0
1087,203143,16-24 ft.,1.0,1,16
1088,203143,24+ ft.,0.38095238095238093,8,24
1089,203143,8-16 ft.,0.5,1,8
1090,203143,Less Than 8 ft.,0.625,5,0
1091,203145,16-24 ft.,0.3076923076923077,8,16
1092,203145,24+ ft.,0.4122137404580153,54,24
1093,203145,8-16 ft.,0.46153846153846156,6,8
1094,203145,Less Than 8 ft.,0.5136986301369864,75,0
1095,203148,16-24 ft.,0.5,12,16
1096,203148,24+ ft.,0.3125,5,24
1097,203148,8-16 ft.,0.42857142857142855,3,8
1098,203148,Less Than 8 ft.,0.5714285714285714,8,0
1099,203186,16-24 ft.,0.25,1,16
1100,203186,8-16 ft.,0.3333333333333333,1,8
1101,203186,Less Than 8 ft.,0.6511627906976745,28,0
1102,203187,16-24 ft.,0.5,5,16
1103,203187,24+ ft.,0.34375,11,24
1104,203187,8-16 ft.,0.25,3,8
1105,203187,Less Than 8 ft.,0.5333333333333333,8,0
1106,203200,16-24 ft.,0.75,3,16
1107,203200,24+ ft.,0.23076923076923078,9,24
1108,203200,8-16 ft.,0.0,0,8
1109,203200,Less Than 8 ft.,0.5,9,0
1110,203210,16-24 ft.,0.425,17,16
1111,203210,24+ ft.,0.5,7,24
1112,203210,8-16 ft.,0.4,6,8
1113,203210,Less Than 8 ft.,0.5402298850574713,47,0
1114,203382,16-24 ft.,0.4166666666666667,5,16
1115,203382,24+ ft.,0.0,0,24
1116,203382,8-16 ft.,0.4782608695652174,11,8
1117,203382,Less Than 8 ft.,0.5,62,0
1118,203457,16-24 ft.,0.21428571428571427,6,16
1119,203457,8-16 ft.,0.17142857142857143,6,8
1120,203457,Less Than 8 ft.,0.6184971098265896,107,0
1121,203458,16-24 ft.,0.32142857142857145,9,16
1122,203458,24+ ft.,0.3333333333333333,1,24
1123,203458,8-16 ft.,0.36666666666666664,11,8
1124,203458,Less Than 8 ft.,0.5,62,0
1125,203459,16-24 ft.,0.47474747474747475,47,16
1126,203459,24+ ft.,0.3669064748201439,51,24
1127,203459,8-16 ft.,0.627906976744186,27,8
1128,203459,Less Than 8 ft.,0.578125,37,0
1129,203460,16-24 ft.,0.0,0,16
1130,203460,24+ ft.,0.3111111111111111,14,24
1131,203460,8-16 ft.,0.3333333333333333,1,8
1132,203460,Back Court Shot,0.0,0,50
1133,203460,Less Than 8 ft.,0.6533333333333333,49,0
1134,203462,16-24 ft.,0.2857142857142857,2,16
1135,203462,24+ ft.,0.1875,3,24
1136,203462,8-16 ft.,0.6666666666666666,2,8
1137,203462,Less Than 8 ft.,0.4696969696969697,31,0
1138,203463,16-24 ft.,0.10526315789473684,2,16
1139,203463,24+ ft.,0.410958904109589,30,24
1140,203463,8-16 ft.,0.4,4,8
1141,203463,Less Than 8 ft.,0.6309523809523809,53,0
1142,203468,16-24 ft.,0.45517241379310347,66,16
1143,203468,24+ ft.,0.4155844155844156,96,24
1144,203468,8-16 ft.,0.5294117647058824,63,8
1145,203468,Less Than 8 ft.,0.4506172839506173,73,0
1146,203469,16-24 ft.,0.27586206896551724,8,16
1147,203469,24+ ft.,0.0,0,24
1148,203469,8-16 ft.,0.3076923076923077,4,8
1149,203469,Less Than 8 ft.,0.6174496644295302,92,0
1150,203471,16-24 ft.,0.4444444444444444,24,16
1151,203471,24+ ft.,0.34579439252336447,37,24
1152,203471,8-16 ft.,0.43333333333333335,13,8
1153,203471,Back Court Shot,0.0,0,50
1154,203471,Less Than 8 ft.,0.5067567567567568,75,0
1155,203473,16-24 ft.,0.3333333333333333,1,16
1156,203473,8-16 ft.,0.2,2,8
1157,203473,Less Than 8 ft.,0.5555555555555556,25,0
1158,203476,16-24 ft.,0.41379310344827586,24,16
1159,203476,24+ ft.,0.5,1,24
1160,203476,8-16 ft.,0.4722222222222222,17,8
1161,203476,Less Than 8 ft.,0.5486725663716814,62,0
1162,203477,16-24 ft.,0.25,4,16
1163,203477,24+ ft.,0.37735849056603776,80,24
1164,203477,8-16 ft.,0.3076923076923077,8,8
1165,203477,Less Than 8 ft.,0.4098360655737705,25,0
1166,203481,16-24 ft.,0.3333333333333333,2,16
1167,203481,8-16 ft.,0.2857142857142857,2,8
1168,203481,Less Than 8 ft.,0.5679012345679012,46,0
1169,203482,16-24 ft.,0.18181818181818182,4,16
1170,203482,24+ ft.,0.44,44,24
1171,203482,8-16 ft.,0.2857142857142857,6,8
1172,203482,Less Than 8 ft.,0.5537190082644629,67,0
1173,203484,16-24 ft.,0.3875,31,16
1174,203484,24+ ft.,0.3165829145728643,63,24
1175,203484,8-16 ft.,0.4090909090909091,27,8
1176,203484,Back Court Shot,0.0,0,50
1177,203484,Less Than 8 ft.,0.5652173913043478,78,0
1178,203485,16-24 ft.,0.5,2,16
1179,203485,24+ ft.,0.25,1,24
1180,203485,8-16 ft.,0.0,0,8
1181,203485,Back Court Shot,0.0,0,50
1182,203485,Less Than 8 ft.,1.0,2,0
1183,203486,16-24 ft.,0.3,3,16
1184,203486,24+ ft.,0.0,0,24
1185,203486,8-16 ft.,0.3333333333333333,9,8
1186,203486,Back Court Shot,0.0,0,50
1187,203486,Less Than 8 ft.,0.5401785714285714,121,0
1188,203487,16-24 ft.,0.3829787234042553,18,16
1189,203487,24+ ft.,0.2916666666666667,7,24
1190,203487,8-16 ft.,0.3333333333333333,22,8
1191,203487,Back Court Shot,0.0,0,50
1192,203487,Less Than 8 ft.,0.5462962962962963,118,0
1193,203488,16-24 ft.,0.45454545454545453,5,16
1194,203488,24+ ft.,0.35294117647058826,6,24
1195,203488,8-16 ft.,0.4166666666666667,5,8
1196,203488,Back Court Shot,0.0,0,50
1197,203488,Less Than 8 ft.,0.5384615384615384,14,0
1198,203490,16-24 ft.,0.45901639344262296,28,16
1199,203490,24+ ft.,0.2978723404255319,28,24
1200,203490,8-16 ft.,0.40625,13,8
1201,203490,Less Than 8 ft.,0.5833333333333334,49,0
1202,203493,16-24 ft.,0.0,0,16
1203,203493,24+ ft.,0.1,1,24
1204,203493,8-16 ft.,0.0,0,8
1205,203493,Less Than 8 ft.,0.0,0,0
1206,203496,16-24 ft.,0.3333333333333333,2,16
1207,203496,24+ ft.,0.3375796178343949,53,24
1208,203496,8-16 ft.,0.2857142857142857,4,8
1209,203496,Back Court Shot,0.0,0,50
1210,203496,Less Than 8 ft.,0.4461538461538462,29,0
1211,203497,16-24 ft.,0.0,0,16
1212,203497,8-16 ft.,0.0,0,8
1213,203497,Less Than 8 ft.,0.5818181818181818,64,0
1214,203498,16-24 ft.,0.38095238095238093,8,16
1215,203498,24+ ft.,0.36363636363636365,24,24
1216,203498,8-16 ft.,0.35,14,8
1217,203498,Less Than 8 ft.,0.6014492753623188,83,0
1218,203499,16-24 ft.,0.5,17,16
1219,203499,24+ ft.,0.4318181818181818,19,24
1220,203499,8-16 ft.,0.2962962962962963,8,8
1221,203499,Less Than 8 ft.,0.6296296296296297,34,0
1222,203500,16-24 ft.,0.0,0,16
1223,203500,8-16 ft.,0.5714285714285714,4,8
1224,203500,Less Than 8 ft.,0.6220472440944882,79,0
1225,203501,16-24 ft.,0.16666666666666666,1,16
1226,203501,24+ ft.,0.35294117647058826,6,24
1227,203501,8-16 ft.,0.5,1,8
1228,203501,Less Than 8 ft.,0.3333333333333333,1,0
1229,203503,16-24 ft.,0.2222222222222222,6,16
1230,203503,24+ ft.,0.4142857142857143,29,24
1231,203503,8-16 ft.,0.7142857142857143,5,8
1232,203503,Back Court Shot,0.0,0,50
1233,203503,Less Than 8 ft.,0.4339622641509434,23,0
1234,203504,16-24 ft.,0.5,44,16
1235,203504,24+ ft.,0.348993288590604,52,24
1236,203504,8-16 ft.,0.49056603773584906,26,8
1237,203504,Back Court Shot,0.0,0,50
1238,203504,Less Than 8 ft.,0.45535714285714285,51,0
1239,203506,16-24 ft.,0.4909090909090909,27,16
1240,203506,24+ ft.,0.375,33,24
1241,203506,8-16 ft.,0.2894736842105263,11,8
1242,203506,Back Court Shot,0.0,0,50
1243,203506,Less Than 8 ft.,0.4642857142857143,52,0
1244,203507,16-24 ft.,0.37209302325581395,16,16
1245,203507,24+ ft.,0.225,9,24
1246,203507,8-16 ft.,0.34146341463414637,14,8
1247,203507,Back Court Shot,0.0,0,50
1248,203507,Less Than 8 ft.,0.5735294117647058,156,0
1249,203508,16-24 ft.,1.0,1,16
1250,203508,24+ ft.,0.0,0,24
1251,203508,8-16 ft.,1.0,1,8
1252,203508,Less Than 8 ft.,0.0,0,0
1253,203512,24+ ft.,0.0,0,24
1254,203512,Less Than 8 ft.,0.7058823529411765,12,0
1255,203516,16-24 ft.,0.0,0,16
1256,203516,24+ ft.,0.3333333333333333,1,24
1257,203521,16-24 ft.,0.4,6,16
1258,203521,24+ ft.,0.43137254901960786,44,24
1259,203521,8-16 ft.,0.38461538461538464,20,8
1260,203521,Less Than 8 ft.,0.4918032786885246,30,0
1261,203524,16-24 ft.,0.5,1,16
1262,203524,24+ ft.,0.07142857142857142,1,24
1263,203524,8-16 ft.,0.42857142857142855,3,8
1264,203524,Less Than 8 ft.,0.5714285714285714,16,0
1265,203526,16-24 ft.,0.35,7,16
1266,203526,24+ ft.,0.3670886075949367,29,24
1267,203526,8-16 ft.,0.2413793103448276,7,8
1268,203526,Less Than 8 ft.,0.5357142857142857,30,0
1269,203527,16-24 ft.,0.8,4,16
1270,203527,24+ ft.,0.29411764705882354,5,24
1271,203527,8-16 ft.,0.3,3,8
1272,203527,Back Court Shot,0.0,0,50
1273,203527,Less Than 8 ft.,0.5833333333333334,14,0
1274,203530,16-24 ft.,0.4,6,16
1275,203530,24+ ft.,0.4,8,24
1276,203530,8-16 ft.,0.5,2,8
1277,203530,Less Than 8 ft.,0.5747126436781609,50,0
1278,203546,16-24 ft.,0.45454545454545453,5,16
1279,203546,24+ ft.,0.5,25,24
1280,203546,8-16 ft.,0.2962962962962963,8,8
1281,203546,Less Than 8 ft.,0.6097560975609756,25,0
1282,203552,16-24 ft.,0.5,5,16
1283,203552,24+ ft.,0.4,8,24
1284,203552,8-16 ft.,0.6666666666666666,2,8
1285,203552,Back Court Shot,0.0,0,50
1286,203552,Less Than 8 ft.,0.3,3,0
1287,203584,16-24 ft.,0.4,6,16
1288,203584,24+ ft.,0.4634146341463415,19,24
1289,203584,8-16 ft.,0.3333333333333333,2,8
1290,203584,Less Than 8 ft.,0.25,1,0
1291,203613,16-24 ft.,0.375,3,16
1292,203613,24+ ft.,0.4,6,24
1293,203613,8-16 ft.,0.125,1,8
1294,203613,Less Than 8 ft.,0.5818181818181818,32,0
1295,203798,16-24 ft.,0.42857142857142855,6,16
1296,203798,24+ ft.,0.3170731707317073,39,24
1297,203798,8-16 ft.,0.21428571428571427,3,8
1298,203798,Less Than 8 ft.,0.5208333333333334,25,0
1299,203894,16-24 ft.,0.48148148148148145,13,16
1300,203894,24+ ft.,0.3541666666666667,17,24
1301,203894,8-16 ft.,0.36363636363636365,4,8
1302,203894,Less Than 8 ft.,0.21739130434782608,5,0
1303,203897,16-24 ft.,0.34375,33,16
1304,203897,24+ ft.,0.3333333333333333,32,24
1305,203897,8-16 ft.,0.3125,10,8
1306,203897,Less Than 8 ft.,0.5347222222222222,77,0
1307,203898,16-24 ft.,0.42857142857142855,3,16
1308,203898,24+ ft.,0.36363636363636365,4,24
1309,203898,8-16 ft.,0.2222222222222222,2,8
1310,203898,Back Court Shot,0.0,0,50
1311,203898,Less Than 8 ft.,0.631578947368421,12,0
1312,203900,16-24 ft.,0.16666666666666666,1,16
1313,203900,24+ ft.,0.18518518518518517,5,24
1314,203900,8-16 ft.,0.5,1,8
1315,203900,Less Than 8 ft.,0.4,4,0
1316,203901,16-24 ft.,0.2127659574468085,10,16
1317,203901,24+ ft.,0.39285714285714285,11,24
1318,203901,8-16 ft.,0.2727272727272727,12,8
1319,203901,Less Than 8 ft.,0.5030674846625767,82,0
1320,203903,16-24 ft.,0.47368421052631576,36,16
1321,203903,24+ ft.,0.3142857142857143,33,24
1322,203903,8-16 ft.,0.4166666666666667,30,8
1323,203903,Less Than 8 ft.,0.5077720207253886,98,0
1324,203906,16-24 ft.,0.0,0,16
1325,203906,24+ ft.,0.0,0,24
1326,203906,8-16 ft.,0.0,0,8
1327,203906,Less Than 8 ft.,0.0,0,0
1328,203909,16-24 ft.,0.0,0,16
1329,203909,24+ ft.,0.4,2,24
1330,203909,8-16 ft.,1.0,1,8
1331,203909,Less Than 8 ft.,0.25,2,0
1332,203912,16-24 ft.,0.6666666666666666,2,16
1333,203912,Less Than 8 ft.,0.0,0,0
1334,203914,16-24 ft.,0.34615384615384615,9,16
1335,203914,24+ ft.,0.375,39,24
1336,203914,8-16 ft.,0.44,11,8
1337,203914,Back Court Shot,0.0,0,50
1338,203914,Less Than 8 ft.,0.5537190082644629,67,0
1339,203915,16-24 ft.,0.3333333333333333,2,16
1340,203915,24+ ft.,0.14285714285714285,1,24
1341,203915,8-16 ft.,0.3333333333333333,2,8
1342,203915,Less Than 8 ft.,0.5,7,0
1343,203917,16-24 ft.,0.4166666666666667,5,16
1344,203917,24+ ft.,0.3548387096774194,44,24
1345,203917,8-16 ft.,0.5555555555555556,5,8
1346,203917,Less Than 8 ft.,0.46808510638297873,22,0
1347,203918,16-24 ft.,0.3793103448275862,11,16
1348,203918,24+ ft.,0.3448275862068966,60,24
1349,203918,8-16 ft.,0.36619718309859156,26,8
1350,203918,Less Than 8 ft.,0.5684210526315789,54,0
1351,203919,24+ ft.,0.0,0,24
1352,203919,8-16 ft.,0.3333333333333333,1,8
1353,203919,Less Than 8 ft.,0.5,1,0
1354,203921,24+ ft.,0.25,1,24
1355,203921,Less Than 8 ft.,1.0,2,0
1356,203922,16-24 ft.,0.25,4,16
1357,203922,24+ ft.,0.35,7,24
1358,203922,8-16 ft.,0.5,3,8
1359,203922,Less Than 8 ft.,0.5555555555555556,20,0
1360,203923,24+ ft.,0.23529411764705882,4,24
1361,203923,8-16 ft.,0.3333333333333333,1,8
1362,203923,Back Court Shot,0.0,0,50
1363,203923,Less Than 8 ft.,0.75,3,0
1364,203924,16-24 ft.,0.25,1,16
1365,203924,24+ ft.,0.24561403508771928,14,24
1366,203924,8-16 ft.,0.2,3,8
1367,203924,Less Than 8 ft.,0.5490196078431373,84,0
1368,203926,16-24 ft.,0.48,12,16
1369,203926,24+ ft.,0.4142857142857143,29,24
1370,203926,8-16 ft.,0.42105263157894735,8,8
1371,203926,Back Court Shot,0.0,0,50
1372,203926,Less Than 8 ft.,0.35714285714285715,20,0
1373,203930,24+ ft.,0.3333333333333333,3,24
1374,203932,16-24 ft.,0.3684210526315789,7,16
1375,203932,24+ ft.,0.3333333333333333,12,24
1376,203932,8-16 ft.,0.3076923076923077,8,8
1377,203932,Less Than 8 ft.,0.6746987951807228,56,0
1378,203933,16-24 ft.,0.38,19,16
1379,203933,24+ ft.,0.4897959183673469,24,24
1380,203933,8-16 ft.,0.4838709677419355,45,8
1381,203933,Less Than 8 ft.,0.5864661654135338,78,0
1382,203934,16-24 ft.,0.25,1,16
1383,203934,24+ ft.,0.3235294117647059,11,24
1384,203934,8-16 ft.,0.3333333333333333,1,8
1385,203934,Less Than 8 ft.,0.5714285714285714,8,0
1386,203935,16-24 ft.,0.38461538461538464,5,16
1387,203935,24+ ft.,0.21428571428571427,15,24
1388,203935,8-16 ft.,0.3684210526315789,7,8
1389,203935,Back Court Shot,0.0,0,50
1390,203935,Less Than 8 ft.,0.45714285714285713,32,0
1391,203937,16-24 ft.,0.3,3,16
1392,203937,24+ ft.,0.36363636363636365,4,24
1393,203937,8-16 ft.,0.3793103448275862,11,8
1394,203937,Less Than 8 ft.,0.5806451612903226,18,0
1395,203939,16-24 ft.,0.35714285714285715,20,16
1396,203939,24+ ft.,0.0,0,24
1397,203939,8-16 ft.,0.3,6,8
1398,203939,Less Than 8 ft.,0.6292134831460674,56,0
1399,203940,16-24 ft.,0.35,7,16
1400,203940,24+ ft.,0.3333333333333333,6,24
1401,203940,8-16 ft.,0.25,2,8
1402,203940,Less Than 8 ft.,0.4642857142857143,13,0
1403,203943,16-24 ft.,0.2857142857142857,4,16
1404,203943,24+ ft.,0.2,3,24
1405,203943,8-16 ft.,0.4444444444444444,4,8
1406,203943,Less Than 8 ft.,0.4675324675324675,36,0
1407,203944,16-24 ft.,0.23404255319148937,11,16
1408,203944,24+ ft.,0.3333333333333333,5,24
1409,203944,8-16 ft.,0.2857142857142857,14,8
1410,203944,Less Than 8 ft.,0.4859437751004016,121,0
1411,203946,Less Than 8 ft.,0.25,2,0
1412,203948,16-24 ft.,0.5116279069767442,22,16
1413,203948,24+ ft.,1.0,1,24
1414,203948,8-16 ft.,0.2631578947368421,5,8
1415,203948,Less Than 8 ft.,0.4807692307692308,25,0
1416,203949,8-16 ft.,0.6,3,8
1417,203949,Less Than 8 ft.,0.5172413793103449,15,0
1418,203952,16-24 ft.,0.3673469387755102,54,16
1419,203952,24+ ft.,0.2804878048780488,23,24
1420,203952,8-16 ft.,0.40404040404040403,40,8
1421,203952,Back Court Shot,0.0,0,50
1422,203952,Less Than 8 ft.,0.5770750988142292,146,0
1423,203953,16-24 ft.,0.3157894736842105,18,16
1424,203953,24+ ft.,0.0,0,24
1425,203953,8-16 ft.,0.375,21,8
1426,203953,Less Than 8 ft.,0.553921568627451,113,0
1427,203955,16-24 ft.,0.5,1,16
1428,203955,24+ ft.,0.0,0,24
1429,203955,Less Than 8 ft.,0.0,0,0
1430,203956,16-24 ft.,0.5,1,16
1431,203956,24+ ft.,0.0,0,24
1432,203956,Less Than 8 ft.,0.6,3,0
1433,203960,16-24 ft.,0.2,1,16
1434,203960,24+ ft.,0.24,6,24
1435,203960,8-16 ft.,0.3,3,8
1436,203960,Less Than 8 ft.,0.5,49,0
1437,203961,Less Than 8 ft.,0.6666666666666666,2,0
1438,203963,Less Than 8 ft.,1.0,1,0
1439,203991,Less Than 8 ft.,0.5707317073170731,117,0
1440,203994,16-24 ft.,0.0,0,16
1441,203994,8-16 ft.,0.0,0,8
1442,203994,Less Than 8 ft.,0.2631578947368421,5,0
1443,203996,24+ ft.,0.5,1,24
1444,203996,Less Than 8 ft.,0.0,0,0
1445,203998,16-24 ft.,0.0,0,16
1446,203999,16-24 ft.,0.16666666666666666,1,16
1447,203999,24+ ft.,0.4666666666666667,7,24
1448,203999,8-16 ft.,0.7391304347826086,17,8
1449,203999,Less Than 8 ft.,0.589041095890411,86,0
1450,204001,16-24 ft.,0.4473684210526316,34,16
1451,204001,24+ ft.,0.32575757575757575,43,24
1452,204001,8-16 ft.,0.36538461538461536,38,8
1453,204001,Back Court Shot,0.0,0,50
1454,204001,Less Than 8 ft.,0.5030674846625767,82,0
1455,204002,16-24 ft.,0.0,0,16
1456,204002,8-16 ft.,1.0,1,8
1457,204002,Less Than 8 ft.,0.5384615384615384,7,0
1458,204014,24+ ft.,0.21428571428571427,3,24
1459,204014,Back Court Shot,0.0,0,50
1460,204014,Less Than 8 ft.,0.5,2,0
1461,204020,16-24 ft.,0.5,19,16
1462,204020,24+ ft.,0.40425531914893614,19,24
1463,204020,8-16 ft.,0.4,6,8
1464,204020,Back Court Shot,0.0,0,50
1465,204020,Less Than 8 ft.,0.5625,36,0
1466,204025,16-24 ft.,0.125,1,16
1467,204025,24+ ft.,0.16666666666666666,2,24
1468,204025,8-16 ft.,0.4,2,8
1469,204025,Less Than 8 ft.,0.47368421052631576,9,0
1470,204028,16-24 ft.,0.0,0,16
1471,204028,8-16 ft.,0.3333333333333333,1,8
1472,204028,Less Than 8 ft.,0.6538461538461539,17,0
1473,204038,16-24 ft.,0.39285714285714285,22,16
1474,204038,24+ ft.,0.40425531914893614,38,24
1475,204038,8-16 ft.,0.3125,5,8
1476,204038,Back Court Shot,0.0,0,50
1477,204038,Less Than 8 ft.,0.5294117647058824,45,0
1478,204060,16-24 ft.,0.26666666666666666,4,16
1479,204060,24+ ft.,0.36,27,24
1480,204060,8-16 ft.,1.0,3,8
1481,204060,Less Than 8 ft.,0.6111111111111112,11,0
1482,204067,16-24 ft.,0.0,0,16
1483,204067,24+ ft.,0.4666666666666667,7,24
1484,204067,8-16 ft.,0.0,0,8
1485,204067,Back Court Shot,0.0,0,50
1486,204067,Less Than 8 ft.,0.0,0,0
1487,204456,16-24 ft.,0.27586206896551724,8,16
1488,204456,24+ ft.,0.2894736842105263,11,24
1489,204456,8-16 ft.,0.43902439024390244,18,8
1490,204456,Back Court Shot,0.0,0,50
1491,204456,Less Than 8 ft.,0.5230769230769231,34,0
1492,1626143,16-24 ft.,0.25,8,16
1493,1626143,24+ ft.,0.0,0,24
1494,1626143,8-16 ft.,0.38524590163934425,47,8
1495,1626143,Less Than 8 ft.,0.5723905723905723,170,0
1496,1626144,16-24 ft.,0.3492063492063492,22,16
1497,1626144,24+ ft.,0.2876712328767123,21,24
1498,1626144,8-16 ft.,0.2777777777777778,15,8
1499,1626144,Back Court Shot,0.0,0,50
1500,1626144,Less Than 8 ft.,0.41904761904761906,44,0
1501,1626145,16-24 ft.,0.16666666666666666,1,16
1502,1626145,24+ ft.,0.5,2,24
1503,1626145,8-16 ft.,0.375,3,8
1504,1626145,Less Than 8 ft.,0.38461538461538464,5,0
1505,1626146,8-16 ft.,0.0,0,8
1506,1626146,Less Than 8 ft.,1.0,2,0
1507,1626147,16-24 ft.,0.6,3,16
1508,1626147,24+ ft.,0.19230769230769232,5,24
1509,1626147,8-16 ft.,0.0,0,8
1510,1626147,Less Than 8 ft.,0.3,3,0
1511,1626148,16-24 ft.,0.2,1,16
1512,1626148,24+ ft.,0.2222222222222222,6,24
1513,1626148,8-16 ft.,0.5,2,8
1514,1626148,Less Than 8 ft.,0.3,3,0
1515,1626149,16-24 ft.,0.5,2,16
1516,1626149,8-16 ft.,0.0,0,8
1517,1626149,Less Than 8 ft.,0.6785714285714286,19,0
1518,1626151,16-24 ft.,0.0,0,16
1519,1626151,24+ ft.,0.0,0,24
1520,1626151,Less Than 8 ft.,0.5,1,0
1521,1626153,16-24 ft.,0.0,0,16
1522,1626153,Less Than 8 ft.,0.6666666666666666,2,0
1523,1626154,16-24 ft.,0.375,3,16
1524,1626154,24+ ft.,0.2222222222222222,6,24
1525,1626154,8-16 ft.,1.0,1,8
1526,1626154,Back Court Shot,1.0,1,50
1527,1626154,Less Than 8 ft.,0.5555555555555556,5,0
1528,1626156,16-24 ft.,0.4305555555555556,31,16
1529,1626156,24+ ft.,0.31901840490797545,52,24
1530,1626156,8-16 ft.,0.39705882352941174,27,8
1531,1626156,Back Court Shot,0.0,0,50
1532,1626156,Less Than 8 ft.,0.63,63,0
1533,1626157,16-24 ft.,0.5182481751824818,71,16
1534,1626157,24+ ft.,0.2962962962962963,8,24
1535,1626157,8-16 ft.,0.4426229508196721,27,8
1536,1626157,Less Than 8 ft.,0.5905172413793104,137,0
1537,1626158,16-24 ft.,0.0,0,16
1538,1626158,24+ ft.,0.21052631578947367,4,24
1539,1626158,8-16 ft.,0.5,5,8
1540,1626158,Less Than 8 ft.,0.7301587301587301,46,0
1541,1626159,16-24 ft.,0.38461538461538464,5,16
1542,1626159,24+ ft.,0.26153846153846155,17,24
1543,1626159,8-16 ft.,0.5,3,8
1544,1626159,Less Than 8 ft.,0.4473684210526316,34,0
1545,1626161,8-16 ft.,0.0,0,8
1546,1626161,Less Than 8 ft.,0.6811594202898551,47,0
1547,1626162,16-24 ft.,0.0,0,16
1548,1626162,24+ ft.,0.475,19,24
1549,1626162,8-16 ft.,0.3333333333333333,2,8
1550,1626162,Less Than 8 ft.,0.5,23,0
1551,1626163,16-24 ft.,0.25,3,16
1552,1626163,24+ ft.,0.34523809523809523,29,24
1553,1626163,8-16 ft.,0.18181818181818182,4,8
1554,1626163,Back Court Shot,0.0,0,50
1555,1626163,Less Than 8 ft.,0.4700854700854701,55,0
1556,1626164,16-24 ft.,0.38636363636363635,17,16
1557,1626164,24+ ft.,0.47058823529411764,32,24
1558,1626164,8-16 ft.,0.391304347826087,9,8
1559,1626164,Less Than 8 ft.,0.5588235294117647,38,0
1560,1626166,16-24 ft.,0.5882352941176471,10,16
1561,1626166,24+ ft.,0.3695652173913043,17,24
1562,1626166,8-16 ft.,0.47368421052631576,9,8
1563,1626166,Less Than 8 ft.,0.34375,11,0
1564,1626167,16-24 ft.,0.46153846153846156,18,16
1565,1626167,24+ ft.,0.0,0,24
1566,1626167,8-16 ft.,0.45454545454545453,10,8
1567,1626167,Less Than 8 ft.,0.6904761904761905,29,0
1568,1626168,16-24 ft.,0.46153846153846156,12,16
1569,1626168,24+ ft.,0.48148148148148145,13,24
1570,1626168,8-16 ft.,0.3225806451612903,10,8
1571,1626168,Back Court Shot,0.0,0,50
1572,1626168,Less Than 8 ft.,0.48148148148148145,26,0
1573,1626169,16-24 ft.,0.16666666666666666,5,16
1574,1626169,24+ ft.,0.3137254901960784,32,24
1575,1626169,8-16 ft.,0.3076923076923077,12,8
1576,1626169,Back Court Shot,0.0,0,50
1577,1626169,Less Than 8 ft.,0.45038167938931295,59,0
1578,1626170,16-24 ft.,0.34615384615384615,9,16
1579,1626170,24+ ft.,0.17073170731707318,7,24
1580,1626170,8-16 ft.,0.32,8,8
1581,1626170,Back Court Shot,0.0,0,50
1582,1626170,Less Than 8 ft.,0.43478260869565216,40,0
1583,1626171,16-24 ft.,0.48,12,16
1584,1626171,24+ ft.,0.35714285714285715,5,24
1585,1626171,8-16 ft.,0.25,6,8
1586,1626171,Less Than 8 ft.,0.6086956521739131,28,0
1587,1626173,16-24 ft.,0.2857142857142857,2,16
1588,1626173,24+ ft.,0.4,16,24
1589,1626173,8-16 ft.,0.2,1,8
1590,1626173,Less Than 8 ft.,0.25925925925925924,7,0
1591,1626174,16-24 ft.,0.0,0,16
1592,1626174,24+ ft.,0.42857142857142855,3,24
1593,1626174,8-16 ft.,0.0,0,8
1594,1626174,Less Than 8 ft.,0.46153846153846156,6,0
1595,1626175,8-16 ft.,1.0,1,8
1596,1626178,16-24 ft.,0.625,5,16
1597,1626178,24+ ft.,0.0,0,24
1598,1626178,8-16 ft.,0.4,2,8
1599,1626178,Less Than 8 ft.,0.46875,15,0
1600,1626179,16-24 ft.,0.4,2,16
1601,1626179,24+ ft.,0.0,0,24
1602,1626179,8-16 ft.,0.25,1,8
1603,1626179,Less Than 8 ft.,0.25,4,0
1604,1626181,16-24 ft.,0.6666666666666666,2,16
1605,1626181,24+ ft.,0.14285714285714285,1,24
1606,1626181,8-16 ft.,0.0,0,8
1607,1626181,Less Than 8 ft.,0.35294117647058826,6,0
1608,1626183,Less Than 8 ft.,0.5,1,0
1609,1626185,16-24 ft.,1.0,1,16
1610,1626185,8-16 ft.,0.0,0,8
1611,1626185,Less Than 8 ft.,0.0,0,0
1612,1626192,16-24 ft.,0.3333333333333333,1,16
1613,1626192,24+ ft.,0.3333333333333333,2,24
1614,1626192,8-16 ft.,0.0,0,8
1615,1626192,Less Than 8 ft.,0.16666666666666666,1,0
1616,1626196,16-24 ft.,0.0,0,16
1617,1626196,24+ ft.,0.17647058823529413,3,24
1618,1626196,8-16 ft.,0.5,1,8
1619,1626196,Less Than 8 ft.,0.42857142857142855,6,0
1620,1626199,16-24 ft.,0.4166666666666667,5,16
1621,1626199,24+ ft.,0.3,3,24
1622,1626199,8-16 ft.,0.0,0,8
1623,1626199,Less Than 8 ft.,0.14285714285714285,1,0
1624,1626202,16-24 ft.,0.5,10,16
1625,1626202,24+ ft.,0.3,3,24
1626,1626202,8-16 ft.,0.0,0,8
1627,1626202,Less Than 8 ft.,0.6363636363636364,7,0
1628,1626204,16-24 ft.,0.48936170212765956,23,16
1629,1626204,24+ ft.,1.0,1,24
1630,1626204,8-16 ft.,0.3,6,8
1631,1626204,Less Than 8 ft.,0.6666666666666666,52,0
1632,1626209,16-24 ft.,0.4,10,16
1633,1626209,24+ ft.,0.391304347826087,18,24
1634,1626209,8-16 ft.,0.5,3,8
1635,1626209,Less Than 8 ft.,0.5428571428571428,19,0
1636,1626242,16-24 ft.,0.6666666666666666,2,16
1637,1626242,24+ ft.,0.25,1,24
1638,1626242,8-16 ft.,0.0,0,8
1639,1626242,Back Court Shot,0.0,0,50
1640,1626242,Less Than 8 ft.,0.5,2,0
1641,1626245,16-24 ft.,1.0,1,16
1642,1626245,24+ ft.,0.0,0,24
1643,1626246,16-24 ft.,0.5,2,16
1644,1626246,8-16 ft.,0.4444444444444444,8,8
1645,1626246,Less Than 8 ft.,0.75,27,0
1646,1626257,16-24 ft.,0.0,0,16
1647,1626257,Less Than 8 ft.,0.8888888888888888,8,0
1648,1626273,16-24 ft.,0.2857142857142857,2,16
1649,1626273,24+ ft.,0.35,7,24
1650,1626273,8-16 ft.,0.38461538461538464,5,8
1651,1626273,Less Than 8 ft.,0.6363636363636364,14,0
